package,name,composable,skippable,restartable,readonly,inline,isLambda,hasDefaults,defaultsGroup,groups,calls,
jeonghwan.app.gpa.ui.common.LazyPagingGrid,LazyPagingGrid,1,1,1,0,0,0,0,0,2,4,
jeonghwan.app.gpa.ui.common.EmptyView,EmptyView,1,1,1,0,0,0,0,0,1,1,
jeonghwan.app.gpa.ui.screen.Router,Router,1,1,1,0,0,0,1,0,2,4,
jeonghwan.app.gpa.ui.screen.main.NaviItems.GetTab,GetTab,1,1,1,0,0,0,0,0,1,3,
jeonghwan.app.gpa.ui.screen.main.MainScreen,MainScreen,1,1,1,0,0,0,0,0,1,4,
jeonghwan.app.gpa.ui.screen.navi.detail.TombDetailScreen,TombDetailScreen,1,1,1,0,0,0,0,0,1,2,
jeonghwan.app.gpa.ui.screen.navi.detail.person.PersonDetailScreen,PersonDetailScreen,1,1,1,0,0,0,0,0,1,2,
jeonghwan.app.gpa.ui.screen.navi.favorite.FavoriteItem,FavoriteItem,1,1,1,0,0,0,0,0,1,2,
jeonghwan.app.gpa.ui.screen.navi.favorite.FavoritePersonScreen,FavoritePersonScreen,1,1,1,0,0,0,1,0,2,4,
jeonghwan.app.gpa.ui.screen.navi.favorite.FavoriteUiScreen,FavoriteUiScreen,1,1,1,0,0,0,0,0,1,1,
jeonghwan.app.gpa.ui.screen.navi.map.GpWindow,GpWindow,1,0,1,0,0,0,0,0,1,2,
jeonghwan.app.gpa.ui.screen.navi.map.GpWindowBox,GpWindowBox,1,1,1,0,0,0,0,0,3,3,
jeonghwan.app.gpa.ui.screen.navi.map.MapFloating,MapFloating,1,1,1,0,0,0,0,0,1,1,
jeonghwan.app.gpa.ui.screen.navi.map.MapFloatingPreview,MapFloatingPreview,1,1,1,0,0,0,0,0,1,1,
jeonghwan.app.gpa.ui.screen.navi.map.toKorean,toKorean,1,0,0,0,0,0,0,0,9,7,
jeonghwan.app.gpa.ui.screen.navi.map.MapScreen,MapScreen,1,1,1,0,0,0,1,0,2,3,
jeonghwan.app.gpa.ui.screen.navi.map.MapItemScreen,MapItemScreen,1,1,1,0,0,0,0,0,2,6,
jeonghwan.app.gpa.ui.screen.navi.map.BackOnPressed,BackOnPressed,1,1,1,0,0,0,0,0,1,2,
jeonghwan.app.gpa.ui.screen.navi.person.PersonItem,PersonItem,1,1,1,0,0,0,0,0,1,3,
jeonghwan.app.gpa.ui.screen.navi.person.MaleItemPreview,MaleItemPreview,1,1,1,0,0,0,0,0,1,1,
jeonghwan.app.gpa.ui.screen.navi.person.FemalePreview,FemalePreview,1,1,1,0,0,0,0,0,1,1,
jeonghwan.app.gpa.ui.screen.navi.person.getGenerator,getGenerator,1,0,0,0,0,0,0,0,1,1,
jeonghwan.app.gpa.ui.screen.navi.person.TestPersonListScreen,TestPersonListScreen,1,1,1,0,0,0,0,0,1,1,
jeonghwan.app.gpa.ui.screen.navi.person.ProxyPersonListScreen,ProxyPersonListScreen,1,1,1,0,0,0,1,0,2,6,
jeonghwan.app.gpa.ui.theme.GpaTheme,GpaTheme,1,1,1,0,0,0,1,0,3,3,
